{
  "06": [
    { "id": "MR-06001", "name": "Tabac Masséna", "address": "4 place Masséna", "city": "Nice", "postalCode": "06000", "openingHours": "Lun-Sam 7h30-20h" },
    { "id": "MR-06002", "name": "Presse Gambetta", "address": "18 av. Gambetta", "city": "Nice", "postalCode": "06000", "openingHours": "Lun-Sam 7h-19h30" }
  ],
  "13": [
    { "id": "MR-13001", "name": "Tabac Vieux-Port", "address": "2 quai du Port", "city": "Marseille", "postalCode": "13001", "openingHours": "Lun-Sam 7h-20h" },
    { "id": "MR-13006", "name": "Épicerie Cours Julien", "address": "20 cours Julien", "city": "Marseille", "postalCode": "13006", "openingHours": "Lun-Dim 8h-22h" },
    { "id": "MR-13008", "name": "Tabac Prado", "address": "135 av. du Prado", "city": "Marseille", "postalCode": "13008", "openingHours": "Lun-Sam 7h-20h" }
  ],
  "14": [
    { "id": "MR-14001", "name": "Tabac de la Paix", "address": "3 place de la République", "city": "Caen", "postalCode": "14000", "openingHours": "Lun-Sam 7h30-20h" },
    { "id": "MR-14002", "name": "Presse Saint-Pierre", "address": "12 rue Saint-Pierre", "city": "Caen", "postalCode": "14000", "openingHours": "Lun-Sam 8h-19h" }
  ],
  "21": [
    { "id": "MR-21001", "name": "Tabac Darcy", "address": "1 place Darcy", "city": "Dijon", "postalCode": "21000", "openingHours": "Lun-Sam 7h30-20h" },
    { "id": "MR-21002", "name": "Épicerie Clemenceau", "address": "8 av. Clemenceau", "city": "Dijon", "postalCode": "21000", "openingHours": "Lun-Dim 8h-21h" }
  ],
  "29": [
    { "id": "MR-29001", "name": "Tabac Cordeliers", "address": "2 rue des Cordeliers", "city": "Quimper", "postalCode": "29000", "openingHours": "Lun-Sam 7h30-19h30" },
    { "id": "MR-29002", "name": "Presse Brest Centre", "address": "15 rue de Siam", "city": "Brest", "postalCode": "29200", "openingHours": "Lun-Sam 7h-20h" }
  ],
  "31": [
    { "id": "MR-31001", "name": "Tabac Capitole", "address": "1 place du Capitole", "city": "Toulouse", "postalCode": "31000", "openingHours": "Lun-Sam 7h30-20h" },
    { "id": "MR-31002", "name": "Épicerie Saint-Cyprien", "address": "22 allées Charles-de-Fitte", "city": "Toulouse", "postalCode": "31300", "openingHours": "Lun-Dim 8h-22h" }
  ],
  "33": [
    { "id": "MR-33001", "name": "Tabac Place de la Bourse", "address": "2 place de la Bourse", "city": "Bordeaux", "postalCode": "33000", "openingHours": "Lun-Sam 7h30-20h" },
    { "id": "MR-33002", "name": "Épicerie Chartrons", "address": "5 cours du Médoc", "city": "Bordeaux", "postalCode": "33000", "openingHours": "Lun-Dim 8h-21h" }
  ],
  "34": [
    { "id": "MR-34001", "name": "Tabac Comédie", "address": "3 place de la Comédie", "city": "Montpellier", "postalCode": "34000", "openingHours": "Lun-Sam 7h30-20h" },
    { "id": "MR-34002", "name": "Presse Antigone", "address": "10 bd du Jeu-de-Paume", "city": "Montpellier", "postalCode": "34000", "openingHours": "Lun-Sam 8h-19h30" }
  ],
  "35": [
    { "id": "MR-35001", "name": "Tabac République", "address": "6 place de la République", "city": "Rennes", "postalCode": "35000", "openingHours": "Lun-Sam 7h30-20h" },
    { "id": "MR-35002", "name": "Épicerie Thabor", "address": "14 rue Nantaise", "city": "Rennes", "postalCode": "35000", "openingHours": "Lun-Dim 8h-21h" }
  ],
  "38": [
    { "id": "MR-38001", "name": "Tabac Victor Hugo", "address": "2 place Victor-Hugo", "city": "Grenoble", "postalCode": "38000", "openingHours": "Lun-Sam 7h30-20h" },
    { "id": "MR-38002", "name": "Presse Championnet", "address": "8 rue Championnet", "city": "Grenoble", "postalCode": "38000", "openingHours": "Lun-Sam 8h-19h30" }
  ],
  "44": [
    { "id": "MR-44001", "name": "Tabac Commerce", "address": "3 place du Commerce", "city": "Nantes", "postalCode": "44000", "openingHours": "Lun-Sam 7h30-20h" },
    { "id": "MR-44002", "name": "Épicerie Bouffay", "address": "12 rue de la Juiverie", "city": "Nantes", "postalCode": "44000", "openingHours": "Lun-Dim 8h-22h" }
  ],
  "45": [
    { "id": "MR-45001", "name": "Tabac Martroi", "address": "1 place du Martroi", "city": "Orléans", "postalCode": "45000", "openingHours": "Lun-Sam 7h30-20h" },
    { "id": "MR-45002", "name": "Presse Saint-Charles", "address": "6 rue Saint-Charles", "city": "Orléans", "postalCode": "45000", "openingHours": "Lun-Sam 8h-19h30" }
  ],
  "49": [
    { "id": "MR-49001", "name": "Tabac Ralliement", "address": "4 place du Ralliement", "city": "Angers", "postalCode": "49000", "openingHours": "Lun-Sam 7h30-20h" },
    { "id": "MR-49002", "name": "Épicerie Doutre", "address": "8 place de la Laiterie", "city": "Angers", "postalCode": "49100", "openingHours": "Lun-Dim 8h-21h" }
  ],
  "51": [
    { "id": "MR-51001", "name": "Tabac République", "address": "5 place de la République", "city": "Reims", "postalCode": "51100", "openingHours": "Lun-Sam 7h30-20h" },
    { "id": "MR-51002", "name": "Presse Erlon", "address": "22 place d'Erlon", "city": "Reims", "postalCode": "51100", "openingHours": "Lun-Sam 8h-20h" }
  ],
  "54": [
    { "id": "MR-54001", "name": "Tabac Stanislas", "address": "2 place Stanislas", "city": "Nancy", "postalCode": "54000", "openingHours": "Lun-Sam 7h30-20h" },
    { "id": "MR-54002", "name": "Presse Carnot", "address": "16 rue Carnot", "city": "Nancy", "postalCode": "54000", "openingHours": "Lun-Sam 8h-19h30" }
  ],
  "57": [
    { "id": "MR-57001", "name": "Tabac Gardon", "address": "8 place du Gardon", "city": "Metz", "postalCode": "57000", "openingHours": "Lun-Sam 7h30-20h" },
    { "id": "MR-57002", "name": "Épicerie Saint-Étienne", "address": "3 rue des Jardins", "city": "Metz", "postalCode": "57000", "openingHours": "Lun-Dim 8h-21h" }
  ],
  "59": [
    { "id": "MR-59001", "name": "Tabac Grand-Place", "address": "2 place du Gén. de Gaulle", "city": "Lille", "postalCode": "59000", "openingHours": "Lun-Sam 7h30-20h" },
    { "id": "MR-59002", "name": "Presse Solférino", "address": "10 rue Solférino", "city": "Lille", "postalCode": "59000", "openingHours": "Lun-Sam 8h-20h" },
    { "id": "MR-59003", "name": "Épicerie Vieux-Lille", "address": "4 rue de la Monnaie", "city": "Lille", "postalCode": "59800", "openingHours": "Lun-Dim 8h-22h" }
  ],
  "63": [
    { "id": "MR-63001", "name": "Tabac Jaude", "address": "1 place de Jaude", "city": "Clermont-Ferrand", "postalCode": "63000", "openingHours": "Lun-Sam 7h30-20h" },
    { "id": "MR-63002", "name": "Presse Blatin", "address": "6 av. Blatin", "city": "Clermont-Ferrand", "postalCode": "63000", "openingHours": "Lun-Sam 8h-19h30" }
  ],
  "67": [
    { "id": "MR-67001", "name": "Tabac Place Kléber", "address": "1 place Kléber", "city": "Strasbourg", "postalCode": "67000", "openingHours": "Lun-Sam 7h30-20h" },
    { "id": "MR-67002", "name": "Presse Petite France", "address": "12 quai Saint-Thomas", "city": "Strasbourg", "postalCode": "67000", "openingHours": "Lun-Sam 8h-20h" }
  ],
  "69": [
    { "id": "MR-69002", "name": "Épicerie Bellecour", "address": "15 place Bellecour", "city": "Lyon", "postalCode": "69002", "openingHours": "Lun-Sam 8h-21h" },
    { "id": "MR-69004", "name": "Tabac Croix-Rousse", "address": "40 bd de la Croix-Rousse", "city": "Lyon", "postalCode": "69004", "openingHours": "Lun-Dim 7h-20h" },
    { "id": "MR-69006", "name": "Presse Confluence", "address": "2 cours Charlemagne", "city": "Lyon", "postalCode": "69002", "openingHours": "Lun-Sam 9h-20h" }
  ],
  "72": [
    { "id": "MR-72001", "name": "Tabac République", "address": "2 place de la République", "city": "Le Mans", "postalCode": "72000", "openingHours": "Lun-Sam 7h30-20h" },
    { "id": "MR-72002", "name": "Presse Jacobins", "address": "8 rue des Jacobins", "city": "Le Mans", "postalCode": "72000", "openingHours": "Lun-Sam 8h-19h30" }
  ],
  "74": [
    { "id": "MR-74001", "name": "Tabac Bonlieu", "address": "3 rue Jean-Jaurès", "city": "Annecy", "postalCode": "74000", "openingHours": "Lun-Sam 7h30-20h" },
    { "id": "MR-74002", "name": "Épicerie Vieille Ville", "address": "10 rue Sainte-Claire", "city": "Annecy", "postalCode": "74000", "openingHours": "Lun-Dim 8h-21h" }
  ],
  "75": [
    { "id": "MR-75001", "name": "Tabac Châtelet", "address": "12 rue de Rivoli", "city": "Paris", "postalCode": "75001", "openingHours": "Lun-Sam 8h-20h" },
    { "id": "MR-75003", "name": "Épicerie du Marais", "address": "34 bd de Sébastopol", "city": "Paris", "postalCode": "75003", "openingHours": "Lun-Dim 7h-22h" },
    { "id": "MR-75011", "name": "Tabac Nation", "address": "1 place de la Nation", "city": "Paris", "postalCode": "75011", "openingHours": "Lun-Sam 7h-20h" }
  ],
  "76": [
    { "id": "MR-76001", "name": "Tabac Vieux-Marché", "address": "2 place du Vieux-Marché", "city": "Rouen", "postalCode": "76000", "openingHours": "Lun-Sam 7h30-20h" },
    { "id": "MR-76002", "name": "Presse Saint-Sever", "address": "10 bd de l'Yser", "city": "Rouen", "postalCode": "76100", "openingHours": "Lun-Sam 8h-19h30" }
  ],
  "83": [
    { "id": "MR-83001", "name": "Tabac Liberté", "address": "5 place de la Liberté", "city": "Toulon", "postalCode": "83000", "openingHours": "Lun-Sam 7h30-20h" },
    { "id": "MR-83002", "name": "Presse Mayol", "address": "18 av. du Maréchal-Leclerc", "city": "Toulon", "postalCode": "83000", "openingHours": "Lun-Sam 8h-19h30" }
  ],
  "84": [
    { "id": "MR-84001", "name": "Tabac Horloge", "address": "1 place de l'Horloge", "city": "Avignon", "postalCode": "84000", "openingHours": "Lun-Sam 7h30-20h" },
    { "id": "MR-84002", "name": "Épicerie Intra-Muros", "address": "8 rue de la République", "city": "Avignon", "postalCode": "84000", "openingHours": "Lun-Dim 8h-21h" }
  ],
  "92": [
    { "id": "MR-92001", "name": "Tabac Defense", "address": "1 parvis de la Défense", "city": "Courbevoie", "postalCode": "92400", "openingHours": "Lun-Ven 7h-21h" },
    { "id": "MR-92002", "name": "Presse Neuilly", "address": "6 av. Charles-de-Gaulle", "city": "Neuilly-sur-Seine", "postalCode": "92200", "openingHours": "Lun-Sam 7h30-20h" }
  ],
  "93": [
    { "id": "MR-93001", "name": "Tabac Saint-Denis", "address": "4 rue de la République", "city": "Saint-Denis", "postalCode": "93200", "openingHours": "Lun-Sam 8h-20h" },
    { "id": "MR-93002", "name": "Épicerie Montreuil", "address": "10 place Jean-Jaurès", "city": "Montreuil", "postalCode": "93100", "openingHours": "Lun-Dim 8h-22h" }
  ],
  "94": [
    { "id": "MR-94001", "name": "Tabac Créteil", "address": "3 rue Juliette-Récamier", "city": "Créteil", "postalCode": "94000", "openingHours": "Lun-Sam 8h-20h" },
    { "id": "MR-94002", "name": "Presse Vincennes", "address": "2 av. de Paris", "city": "Vincennes", "postalCode": "94300", "openingHours": "Lun-Sam 7h30-20h" }
  ]
}
